"SYS_FIELD_NAME"," FIELD_DESC",
"YEAR","Year",
"QUARTER","Quarter (1-4)",
"MONTH","Month",
"ORIGIN_AIRPORT_ID","Origin Airport, Airport ID. An identification number assigned by US DOT to identify a unique airport.  Use this field for airport analysis across a range of years because an airport can change its airport code and airport codes can be reused.",
"ORIGIN_AIRPORT_SEQ_ID","Origin Airport, Airport Sequence ID. An identification number assigned by US DOT to identify a unique airport at a given point of time.  Airport attributes, such as airport name or coordinates, may change over time.",
"ORIGIN_CITY_MARKET_ID","Origin Airport, City Market ID. City Market ID is an identification number assigned by US DOT to identify a city market.  Use this field to consolidate airports serving the same city market.",
"ORIGIN","Origin Airport Code",
"ORIGIN_CITY_NAME","Origin Airport, City Name",
"ORIGIN_STATE_ABR","Origin Airport, State",
"ORIGIN_STATE_FIPS","Origin Airport, State FIPS Code (U.S. Federal Information Processing Standard Codes)",
"ORIGIN_STATE_NM","Origin Airport, State Name",
"ORIGIN_COUNTRY","Origin Airport, Country",
"ORIGIN_COUNTRY_NAME","Origin Airport, Country Name",
"ORIGIN_WAC","Origin Airport, World Area Code",
"DEST_AIRPORT_ID","Destination Airport, Airport ID. An identification number assigned by US DOT to identify a unique airport.  Use this field for airport analysis across a range of years because an airport can change its airport code and airport codes can be reused.",
"DEST_AIRPORT_SEQ_ID","Destination Airport, Airport Sequence ID. An identification number assigned by US DOT to identify a unique airport at a given point of time.  Airport attributes, such as airport name or coordinates, may change over time.",
"DEST_CITY_MARKET_ID","Destination Airport, City Market ID. City Market ID is an identification number assigned by US DOT to identify a city market.  Use this field to consolidate airports serving the same city market.",
"DEST","Destination Airport Code",
"DEST_CITY_NAME","Dest Airport, City Name",
"DEST_STATE_ABR","Destination Airport, State",
"DEST_STATE_FIPS","Destination Airport, State FIPS Code (U.S. Federal Information Processing Standard Codes)",
"DEST_STATE_NM","Destination Airport, State Name",
"DEST_COUNTRY","Destination Airport, Country",
"DEST_COUNTRY_NAME","Destination Airport, Country Name",
"DEST_WAC","Destination Airport, World Area Code",
"UNIQUE_CARRIER","Unique Carrier Code. When the same code has been used by multiple carriers, a numeric suffix is used for earlier users, for example, PA, PA(1), PA(2). Use this field for analysis across a range of years.",
"AIRLINE_ID","An identification number assigned by US DOT to identify a unique airline (carrier). A unique airline (carrier) is defined as one holding and reporting under the same DOT certificate regardless of its Code, Name, or holding company/corporation.",
"UNIQUE_CARRIER_NAME","Unique Carrier Name. When the same name has been used by multiple carriers, a numeric suffix is used for earlier users, for example, Air Caribbean, Air Caribbean (1).",
"UNIQUE_CARRIER_ENTITY","Unique Entity for a Carrier's Operation Region.",
"REGION","Carrier's Operation Region. Carriers Report Data by Operation Region",
"CARRIER","Code assigned by IATA and commonly used to identify a carrier. As the same code may have been assigned to different carriers over time, the code is not always unique. For analysis, use the Unique Carrier Code.",
"CARRIER_NAME","Carrier Name",
"CARRIER_GROUP","Carrier Group Code.  Used in Legacy Analysis",
"CARRIER_GROUP_NEW","Carrier Group New",
"DISTANCE_GROUP","Distance Intervals, every 500 Miles, for Flight Segment",
"CLASS","Service Class",
"PASSENGERS","On-Flight Market Passengers Enplaned",
"FREIGHT","On-Flight Market Freight Enplaned (pounds)",
"MAIL","On-Flight Market Mail Enplaned (pounds)",
"DISTANCE","Distance between airports (miles)",
"DATA_SOURCE","Source of Data (D=Domestic ,I=International)",
